Product code;Language;Product id;Category;Vendor
"D00014MK1P";"ru";"1";"Электроника///Телевизоры и Видео///LED телевизоры";"Всё для дома"
"E0004UBR1Y";"ru";"4";"Электроника///Телевизоры и Видео///LED телевизоры";"Всё для дома"
"B0005QJH6U";"ru";"5";"Электроника///Телевизоры и Видео///Плазменные телевизоры";"Всё для дома"
"T0006UROBG";"ru";"6";"Электроника///Телевизоры и Видео///Плазменные телевизоры";"Всё для дома"
"A0007DQ1TL";"ru";"7";"Одежда///Мужская одежда";"Мегатон"
"W0008TGVI1";"ru";"8";"Электроника///Телевизоры и Видео///3D телевизоры";"Всё для дома"
"F0009ORD06";"ru";"9";"Электроника///Телевизоры и Видео///3D телевизоры";"Всё для дома"
"L00102FQ97";"ru";"10";"Электроника///Телевизоры и Видео///3D телевизоры";"Всё для дома"
"Z0011CZSNI";"ru";"11";"Одежда///Мужская одежда";"Мегатон"
"U0012O5AF0";"ru";"12";"Одежда///Мужская одежда";"Мегатон"
"J00133PNYZ";"ru";"13";"Книги///Бизнес и инвестиции";"Дом книги"
"M0014IVPFH";"ru";"14";"Электроника///Телевизоры и Видео///Плазменные телевизоры";"Всё для дома"
"H0015EXYM6";"ru";"15";"Одежда///Мужская одежда";"Мегатон"
"H00162EP2P";"ru";"16";"Электроника///Телевизоры и Видео///DVD и Blu-ray плееры";"Всё для дома"
"G0017HS88V";"ru";"17";"Книги///Бизнес и инвестиции";"Дом книги"
"W0018W504I";"ru";"18";"Электроника///Телевизоры и Видео///DVD и Blu-ray плееры";"Всё для дома"
"J001933ZYZ";"ru";"19";"Электроника///Телевизоры и Видео///DVD и Blu-ray плееры";"Всё для дома"
"M00209NIOG";"ru";"20";"Книги///Бизнес и инвестиции";"Дом книги"
"J00216UKRV";"ru";"21";"Электроника///Телевизоры и Видео///DVD и Blu-ray плееры";"Всё для дома"
"F0022TLB3Q";"ru";"22";"Электроника///Телевизоры и Видео///Домашние кинотеатры";"Всё для дома"
"G0023968XZ";"ru";"23";"Электроника///Телевизоры и Видео///Домашние кинотеатры";"Всё для дома"
"R0024KODQ2";"ru";"24";"Электроника///Телевизоры и Видео///Домашние кинотеатры";"Всё для дома"
"R0025KFF65";"ru";"25";"Электроника///Телевизоры и Видео///Домашние кинотеатры";"Всё для дома"
"K00264EGJK";"ru";"26";"Книги///Компьютеры и Интернет";"Дом книги"
"G0027IR79N";"ru";"27";"Одежда///Женская одежда";"Мегатон"
"R0028P1EHQ";"ru";"28";"Одежда///Женская одежда";"Мегатон"
"T0029EAW9R";"ru";"29";"Электроника///Автоэлектроника///GPS навигаторы";"Гаджет"
"H00305TUE7";"ru";"30";"Электроника///Автоэлектроника///GPS навигаторы";"Гаджет"
"D0031VJD0L";"ru";"31";"Одежда///Женская одежда";"Мегатон"
"T0032Q3082";"ru";"32";"Электроника///Автоэлектроника///GPS навигаторы";"Гаджет"
"W00336L5NA";"ru";"33";"Электроника///Автоэлектроника///GPS навигаторы";"Гаджет"
"W00341JAWN";"ru";"34";"Одежда///Женская одежда";"Мегатон"
"Z0035X590V";"ru";"35";"Книги///Компьютеры и Интернет";"Дом книги"
"B0036NZ0FU";"ru";"36";"Книги///Компьютеры и Интернет";"Дом книги"
"L00379540B";"ru";"37";"Электроника///Автоэлектроника///Автомагнитолы";"Гаджет"
"U003826PEJ";"ru";"38";"Одежда///Женская одежда";"Мегатон"
"X0039CB6XW";"ru";"39";"Электроника///Автоэлектроника///Автомагнитолы";"Гаджет"
"A0040LYF7M";"ru";"40";"Электроника///Автоэлектроника///Автомагнитолы";"Гаджет"
"I0041AGKCY";"ru";"41";"Одежда///Женская одежда";"Мегатон"
"K0042BKTKR";"ru";"42";"Электроника///Автоэлектроника///Автомагнитолы";"Гаджет"
"N0043XCGKY";"ru";"43";"Электроника///Автоэлектроника///Автомагнитолы";"Гаджет"
"A0044UQ78W";"ru";"44";"Книги///Образование";"Дом книги"
"Q0045PT1DZ";"ru";"45";"Книги///Образование";"Дом книги"
"T00466CBMY";"ru";"46";"Книги///Образование";"Дом книги"
"J0047KCW09";"ru";"47";"Мультимедиа///Видеоигры///PlayStation 3";"Мой диск"
"O0048N7QAG";"ru";"48";"Электроника///Автоэлектроника///Динамики";"Гаджет"
"Q0049IN199";"ru";"49";"Электроника///Автоэлектроника///Динамики";"Гаджет"
"V0050M1GB0";"ru";"50";"Электроника///Автоэлектроника///Динамики";"Гаджет"
"H0051EAJD8";"ru";"51";"Электроника///Автоэлектроника///Динамики";"Гаджет"
"I0052GDLN3";"ru";"52";"Электроника///Автоэлектроника///Сабвуферы";"Гаджет"
"B0053N10L0";"ru";"53";"Электроника///Автоэлектроника///Сабвуферы";"Гаджет"
"I0054QMMPO";"ru";"54";"Электроника///Автоэлектроника///Сабвуферы";"Гаджет"
"N005510VYI";"ru";"55";"Электроника///Автоэлектроника///Усилители";"Гаджет"
"L0056LL3EL";"ru";"56";"Электроника///Автоэлектроника///Усилители";"Гаджет"
"R0057SFAR6";"ru";"57";"Электроника///Автоэлектроника///Усилители";"Гаджет"
"I0058SG177";"ru";"58";"Электроника///Автоэлектроника///Автотелевизоры и DVD";"Гаджет"
"Q0059PALYI";"ru";"59";"Электроника///Автоэлектроника///Автотелевизоры и DVD";"Гаджет"
"O0060X7Y9Y";"ru";"60";"Электроника///Автоэлектроника///GPS навигаторы";"Гаджет"
"F00620YZ55";"ru";"62";"Электроника///Автоэлектроника///Радар-детекторы";"Гаджет"
"J0063Z8JWN";"ru";"63";"Электроника///Автоэлектроника///Радар-детекторы";"Гаджет"
"V0064ZVR98";"ru";"64";"Электроника///Автоэлектроника///Радар-детекторы";"Гаджет"
"O0065SHTHB";"ru";"65";"Электроника///Автоэлектроника///Радар-детекторы";"Гаджет"
"B00666E71X";"ru";"66";"Электроника///Автоэлектроника///Радар-детекторы";"Гаджет"
"J00670N9NC";"ru";"67";"Электроника///Телефоны///HTC";"Гаджет"
"U00684Y11J";"ru";"68";"Электроника///Телефоны///HTC";"Гаджет"
"U0069R50SC";"ru";"69";"Электроника///Телефоны///HTC";"Гаджет"
"Y0070SQYFT";"ru";"70";"Электроника///Телефоны///HTC";"Гаджет"
"O0071FR7HZ";"ru";"71";"Электроника///Телефоны///HTC";"Гаджет"
"N007221KA0";"ru";"72";"Электроника///Телефоны///Motorola";"Гаджет"
"M0073Q30SG";"ru";"73";"Электроника///Телефоны///Motorola";"Гаджет"
"S0074AE6U7";"ru";"74";"Электроника///Телефоны///Motorola";"Гаджет"
"B00755AJUD";"ru";"75";"Электроника///Телефоны///Motorola";"Гаджет"
"W00769N690";"ru";"76";"Электроника///Телефоны///Motorola";"Гаджет"
"L0078RO9Y9";"ru";"78";"Одежда///Обувь";"Мегатон"
"Z0079TIUPW";"ru";"79";"Одежда///Обувь";"Мегатон"
"M0080Z1B49";"ru";"80";"Одежда///Обувь";"Мегатон"
"Y0081TT6SI";"ru";"81";"Одежда///Обувь";"Мегатон"
"S0082Z8OYM";"ru";"82";"Мультимедиа///Видеоигры///Nintendo Wii";"Мой диск"
"X0083AILW7";"ru";"83";"Мультимедиа///Видеоигры///Nintendo Wii";"Мой диск"
"P0084TFPRL";"ru";"84";"Мультимедиа///Видеоигры///Nintendo Wii";"Мой диск"
"W0085XKO7V";"ru";"85";"Мультимедиа///Видеоигры///Nintendo Wii";"Мой диск"
"I0086KA0W2";"ru";"86";"Электроника///Телефоны///Nokia";"Гаджет"
"U008775P3X";"ru";"87";"Мультимедиа///Видеоигры///Nintendo Wii";"Мой диск"
"E0088Z4YB8";"ru";"88";"Мультимедиа///Видеоигры///PlayStation 3";"Мой диск"
"O0089OKQAX";"ru";"89";"Мультимедиа///Видеоигры///PlayStation 3";"Мой диск"
"Y0090CLU50";"ru";"90";"Мультимедиа///Видеоигры///PlayStation 3";"Мой диск"
"W00918CYVW";"ru";"91";"Одежда///Часы и драгоценности";"Мегатон"
"I00927PN4T";"ru";"92";"Одежда///Часы и драгоценности";"Мегатон"
"Y0093T69G8";"ru";"93";"Мультимедиа///Видеоигры///Xbox 360";"Мой диск"
"A0094VY6U3";"ru";"94";"Мультимедиа///Видеоигры///Xbox 360";"Мой диск"
"S0095VELIH";"ru";"95";"Мультимедиа///Видеоигры///Xbox 360";"Мой диск"
"C0096T88CH";"ru";"96";"Мультимедиа///Видеоигры///Xbox 360";"Мой диск"
"T0097H98EI";"ru";"97";"Мультимедиа///Фильмы///Blu-ray диски";"Мой диск"
"E011296HKW";"ru";"112";"Мультимедиа///Фильмы///Видео фильмы (DVD)";"Мой диск"
"P011376198";"ru";"113";"Электроника///Телефоны///Samsung";"Гаджет"
"V0100ZBORU";"ru";"100";"Мультимедиа///Фильмы///Blu-ray диски";"Мой диск"
"E01010TOGW";"ru";"101";"Электроника///Телефоны///Nokia";"Гаджет"
"E01027HIDS";"ru";"102";"Одежда///Часы и драгоценности";"Мегатон"
"S0103G26P3";"ru";"103";"Мультимедиа///Фильмы///Blu-ray диски";"Мой диск"
"N0104CXAWS";"ru";"104";"Мультимедиа///Фильмы///Blu-ray диски";"Мой диск"
"M01052HXOG";"ru";"105";"Электроника///Телефоны///Nokia";"Гаджет"
"C0106D3GWB";"ru";"106";"Электроника///Телефоны///Nokia";"Гаджет"
"F01072HXUI";"ru";"107";"Одежда///Часы и драгоценности";"Мегатон"
"I0108TD8BL";"ru";"108";"Мультимедиа///Фильмы///Blu-ray диски";"Мой диск"
"C01099FRFC";"ru";"109";"Одежда///Часы и драгоценности";"Мегатон"
"E01105O46P";"ru";"110";"Мультимедиа///Фильмы///Видео фильмы (DVD)";"Мой диск"
"F0111O12WW";"ru";"111";"Мультимедиа///Фильмы///Видео фильмы (DVD)";"Мой диск"
"U0114N9X4E";"ru";"114";"Мультимедиа///Фильмы///Видео фильмы (DVD)";"Мой диск"
"N0115R3FDX";"ru";"115";"Спорт и отдых///Велосипеды///Горные велосипеды";"Мир спорта"
"P01160R6WH";"ru";"116";"Мультимедиа///Фильмы///Видео фильмы (DVD)";"Мой диск"
"C0117E8CC7";"ru";"117";"Электроника///Телефоны///Samsung";"Гаджет"
"H0118GRDLH";"ru";"118";"Мультимедиа///Фильмы///Сериалы (DVD)";"Мой диск"
"R0119703TC";"ru";"119";"Мультимедиа///Фильмы///Сериалы (DVD)";"Мой диск"
"B0120TBX2K";"ru";"120";"Электроника///Телефоны///Samsung";"Гаджет"
"L012149RZH";"ru";"121";"Мультимедиа///Фильмы///Сериалы (DVD)";"Мой диск"
"J01223DYAH";"ru";"122";"Спорт и отдых///Велосипеды///Горные велосипеды";"Мир спорта"
"C0123RSXUU";"ru";"123";"Мультимедиа///Фильмы///Сериалы (DVD)";"Мой диск"
"D01245K7FF";"ru";"124";"Спорт и отдых///Велосипеды///Горные велосипеды";"Мир спорта"
"Y01252CY9O";"ru";"125";"Электроника///Телефоны///Samsung";"Гаджет"
"F01262AH0T";"ru";"126";"Канцелярские товары///Калькуляторы";"Всё для дома"
"A0127P1V0T";"ru";"127";"Спорт и отдых///Велосипеды///Шоссейные велосипеды";"Мир спорта"
"K0128RATX3";"ru";"128";"Канцелярские товары///Калькуляторы";"Всё для дома"
"O0129GKRU9";"ru";"129";"Спорт и отдых///Велосипеды///Шоссейные велосипеды";"Мир спорта"
"T0130501N7";"ru";"130";"Канцелярские товары///Калькуляторы";"Всё для дома"
"I0131TAKCI";"ru";"131";"Спорт и отдых///Велосипеды///Шоссейные велосипеды";"Мир спорта"
"S0132PANHE";"ru";"132";"Электроника///MP3 плееры///Android";"Гаджет"
"I0133JJ7IC";"ru";"133";"Электроника///MP3 плееры///MP3 плееры";"Гаджет"
"Y0134XZKTS";"ru";"134";"Электроника///MP3 плееры///Android";"Гаджет"
"B0135ZGE8V";"ru";"135";"Электроника///MP3 плееры///Android";"Гаджет"
"A0136VBI1A";"ru";"136";"Мультимедиа///Видеоигры///PlayStation Vita";"Мой диск"
"H0137J8TMV";"ru";"137";"Мультимедиа///Видеоигры///PlayStation Vita";"Мой диск"
"G0138IU32J";"ru";"138";"Мультимедиа///Видеоигры///PlayStation Vita";"Мой диск"
"Z0139588PS";"ru";"139";"Мультимедиа///Видеоигры///PlayStation Vita";"Мой диск"
"C0140WY5XY";"ru";"140";"Электроника///MP3 плееры///Аудиосистемы для MP3";"Гаджет"
"Y01413SJOB";"ru";"141";"Электроника///MP3 плееры///Аудиосистемы для MP3";"Гаджет"
"H0142DQBME";"ru";"142";"Электроника///MP3 плееры///Аудиосистемы для MP3";"Гаджет"
"Z01433JOK5";"ru";"143";"Электроника///MP3 плееры///Аудиосистемы для MP3";"Гаджет"
"M0144TJFHE";"ru";"144";"Электроника///MP3 плееры///Аудиосистемы для MP3";"Гаджет"
"Y0145WPLX9";"ru";"145";"Электроника///MP3 плееры///MP3 плееры";"Гаджет"
"A0146P0NT5";"ru";"146";"Электроника///MP3 плееры///MP3 плееры";"Гаджет"
"Q014797842";"ru";"147";"Электроника///MP3 плееры///MP3 плееры";"Гаджет"
"H0148VPS1T";"ru";"148";"Электроника///MP3 плееры///MP3 плееры";"Гаджет"
"E0149D04B9";"ru";"149";"Электроника///MP3 плееры///MP3 плееры";"Гаджет"
"K01502P8VF";"ru";"150";"Спорт и отдых///Велосипеды///Комфорт и круизер";"Мир спорта"
"C0151LG8CS";"ru";"151";"Спорт и отдых///Велосипеды///Комфорт и круизер";"Мир спорта"
"D0152X65HT";"ru";"152";"Спорт и отдых///Велосипеды///Комфорт и круизер";"Мир спорта"
"Q0153SHXQ0";"ru";"153";"Электроника///MP3 плееры///Наушники";"Гаджет"
"T0154F3MKH";"ru";"154";"Электроника///MP3 плееры///Наушники";"Гаджет"
"N01552LVJT";"ru";"155";"Электроника///MP3 плееры///Наушники";"Гаджет"
"F01564IPN2";"ru";"156";"Электроника///MP3 плееры///Наушники";"Гаджет"
"G0157AX10M";"ru";"157";"Электроника///MP3 плееры///Наушники";"Гаджет"
"N0158NC3UY";"ru";"158";"Канцелярские товары///Сейфы";"Всё для дома"
"L0159TYZDW";"ru";"159";"Канцелярские товары///Сейфы";"Всё для дома"
"L0160MZ4DS";"ru";"160";"Спорт и отдых///Велосипеды///Комфорт и круизер";"Мир спорта"
"N0161QCS4X";"ru";"161";"Электроника///Фото видео///Цифровые фотоаппараты";"Гаджет"
"A0162LEU0L";"ru";"162";"Канцелярские товары///Сейфы";"Всё для дома"
"W0163ME90H";"ru";"163";"Электроника///Фото видео///Цифровые фотоаппараты";"Гаджет"
"O01648JXQC";"ru";"164";"Электроника///Фото видео///Цифровые фотоаппараты";"Гаджет"
"N0165BQMZZ";"ru";"165";"Электроника///Фото видео///Цифровые фотоаппараты";"Гаджет"
"A01662K0D9";"ru";"166";"Электроника///Фото видео///Цифровые фотоаппараты";"Гаджет"
"H0167T7K2E";"ru";"167";"Электроника///Фото видео///Зеркальные фотоаппараты";"Гаджет"
"C016809TC9";"ru";"168";"Электроника///Фото видео///Зеркальные фотоаппараты";"Гаджет"
"A016998ZXV";"ru";"169";"Электроника///Фото видео///Зеркальные фотоаппараты";"Гаджет"
"J0170YXQXC";"ru";"170";"Спорт и отдых///Гольф///Клюшки для гольфа";"Мир спорта"
"Q0171LINQ9";"ru";"171";"Канцелярские товары///Принадлежности на стол";"Всё для дома"
"Y0172YCAWT";"ru";"172";"Электроника///Фото видео///Видеокамеры";"Гаджет"
"N0173TLFE1";"ru";"173";"Электроника///Фото видео///Видеокамеры";"Гаджет"
"K0174R9CUN";"ru";"174";"Канцелярские товары///Принадлежности на стол";"Всё для дома"
"S0175KUFJJ";"ru";"175";"Электроника///Фото видео///Видеокамеры";"Гаджет"
"Y01761IUK5";"ru";"176";"Канцелярские товары///Принадлежности на стол";"Всё для дома"
"J0177S9SI3";"ru";"177";"Спорт и отдых///Гольф///Клюшки для гольфа";"Мир спорта"
"G0178014M3";"ru";"178";"Канцелярские товары///Принадлежности на стол";"Всё для дома"
"B0179UHL46";"ru";"179";"Спорт и отдых///Гольф///Клюшки для гольфа";"Мир спорта"
"Q01802L8VS";"ru";"180";"Электроника///Фото видео///Объективы";"Гаджет"
"A0181ZSJSS";"ru";"181";"Спорт и отдых///Гольф///Клюшки для гольфа";"Мир спорта"
"N0182YV5QV";"ru";"182";"Канцелярские товары///Принадлежности на стол";"Всё для дома"
"E0183D500N";"ru";"183";"Электроника///Фото видео///Объективы";"Гаджет"
"D0184CU1VL";"ru";"184";"Электроника///Фото видео///Объективы";"Гаджет"
"B0185I7U24";"ru";"185";"Спорт и отдых///Гольф///Сумки для гольфа";"Мир спорта"
"N01868E9SB";"ru";"186";"Спорт и отдых///Гольф///Сумки для гольфа";"Мир спорта"
"D0187LXFZO";"ru";"187";"Спорт и отдых///Гольф///Сумки для гольфа";"Мир спорта"
"M0188MVCYL";"ru";"188";"Спорт и отдых///Гольф///Шары для гольфа";"Мир спорта"
"O0189UKMNW";"ru";"189";"Электроника///Фото видео///Объективы";"Гаджет"
"O019015C2L";"ru";"190";"Электроника///Фото видео///Объективы";"Гаджет"
"Q0191PBM44";"ru";"191";"Мультимедиа///Музыка///Джаз";"Мой диск"
"E01923M6DA";"ru";"192";"Мультимедиа///Музыка///Рок";"Мой диск"
"Y0205HGGEI";"ru";"205";"Компьютеры///Сетевое оборудование";"Всё для дома"
"P01947A0SW";"ru";"194";"Мультимедиа///Музыка///Рок";"Мой диск"
"I0195ZFDB8";"ru";"195";"Мультимедиа///Музыка///Рок";"Мой диск"
"I0196BBF6I";"ru";"196";"Мультимедиа///Музыка///Рок";"Мой диск"
"A019737E4S";"ru";"197";"Мультимедиа///Музыка///Блюз";"Мой диск"
"K01984N7PI";"ru";"198";"Мультимедиа///Музыка///Блюз";"Мой диск"
"Y0199F6AC6";"ru";"199";"Мультимедиа///Музыка///Блюз";"Мой диск"
"X02002U30A";"ru";"200";"Мультимедиа///Музыка///Классическая музыка";"Мой диск"
"V02011EWI8";"ru";"201";"Мультимедиа///Музыка///Классическая музыка";"Мой диск"
"T0202OTGXT";"ru";"202";"Мультимедиа///Музыка///Классическая музыка";"Мой диск"
"R02034W1ZL";"ru";"203";"Мультимедиа///Музыка///Классическая музыка";"Мой диск"
"B0204ZOC1I";"ru";"204";"Мультимедиа///Музыка///Рок";"Мой диск"
"Q0206MCK7B";"ru";"206";"Компьютеры///Сетевое оборудование";"Всё для дома"
"W0207TLU5R";"ru";"207";"Компьютеры///Сетевое оборудование";"Всё для дома"
"F0208V084C";"ru";"208";"Компьютеры///Сетевое оборудование";"Всё для дома"
"G0209Y9N72";"ru";"209";"Компьютеры///Принтеры и сканеры";"Всё для дома"
"D0210M5AN1";"ru";"210";"Компьютеры///Принтеры и сканеры";"Всё для дома"
"H021184FO0";"ru";"211";"Компьютеры///Принтеры и сканеры";"Всё для дома"
"P0212CTOEA";"ru";"212";"Компьютеры///Принтеры и сканеры";"Всё для дома"
"R0213E2U6B";"ru";"213";"Компьютеры///Процессоры";"Всё для дома"
"K02149B2ZX";"ru";"214";"Компьютеры///Настольные ПК";"Всё для дома"
"O02154E04H";"ru";"215";"Компьютеры///Процессоры";"Всё для дома"
"L0227FHI2Y";"ru";"227";"Компьютеры///Мониторы";"Всё для дома"
"H0217E3OE9";"ru";"217";"Компьютеры///Настольные ПК";"Всё для дома"
"B0218UO9WS";"ru";"218";"Компьютеры///Настольные ПК";"Всё для дома"
"M0219A3GX3";"ru";"219";"Компьютеры///Ноутбуки";"Всё для дома"
"P0220KHOS3";"ru";"220";"Компьютеры///Ноутбуки";"Всё для дома"
"X0221UHBTA";"ru";"221";"Компьютеры///Ноутбуки";"Всё для дома"
"P0222KUH4T";"ru";"222";"Компьютеры///Ноутбуки";"Всё для дома"
"O0223AQI3W";"ru";"223";"Компьютеры///Планшеты";"Всё для дома"
"Y0224Y3QQU";"ru";"224";"Компьютеры///Планшеты";"Всё для дома"
"E0225PPZPL";"ru";"225";"Компьютеры///Планшеты";"Всё для дома"
"P02266IOPQ";"ru";"226";"Компьютеры///Процессоры";"Всё для дома"
"I0228OF40N";"ru";"228";"Компьютеры///Мониторы";"Всё для дома"
"V0229W5J8F";"ru";"229";"Компьютеры///Мониторы";"Всё для дома"
"B0230S7Q0V";"ru";"230";"Спорт и отдых///Кемпинг///Рюкзаки";"Мир спорта"
"S0231YYSMK";"ru";"231";"Спорт и отдых///Кемпинг///Рюкзаки";"Мир спорта"
"S0232MRZ1Y";"ru";"232";"Спорт и отдых///Кемпинг///Рюкзаки";"Мир спорта"
"H023315I7E";"ru";"233";"Спорт и отдых///Кемпинг///Спальники";"Мир спорта"
"R0234XOWI6";"ru";"234";"Спорт и отдых///Кемпинг///Спальники";"Мир спорта"
"N02351Q6BY";"ru";"235";"Спорт и отдых///Кемпинг///Спальники";"Мир спорта"
"A0236BQ31M";"ru";"236";"Спорт и отдых///Кемпинг///Палатки";"Мир спорта"
"B0237HI9M0";"ru";"237";"Спорт и отдых///Кемпинг///Палатки";"Мир спорта"
"Q0238LW6GY";"ru";"238";"Электроника///Телефоны///Apple iPhone";"Гаджет"
"L0239KVQ9F";"ru";"239";"Электроника///Телефоны///Apple iPhone";"Гаджет"
"E0240Y27BE";"ru";"240";"Компьютеры///Планшеты";"Всё для дома"
"I0241GCXF9";"ru";"241";"Компьютеры///Планшеты";"Всё для дома"
"G0242JXP9R";"ru";"242";"Электроника///MP3 плееры///iPod";"Гаджет"
"U02431526C";"ru";"243";"Электроника///MP3 плееры///iPod";"Гаджет"
"B00F3IUN27";"ru";"244";"Компьютеры///Настольные ПК";"Всё для дома"
"B00F3IUN24";"ru";"245";"Электроника///Телефоны///Apple iPhone";"Гаджет"
"B00F3F0GLU";"ru";"246";"Электроника///Фото видео///Видеокамеры";"Гаджет"
"B00F3F0GTA";"ru";"247";"Компьютеры///Планшеты";"CS-Cart"
"B5328YERV7";"ru";"248";"Мультимедиа///Видеоигры///Xbox 360; Электроника///Игровые приставки///Приставки";"CS-Cart"
"TR25L813E1";"ru";"249";"Электроника///Игровые приставки///Приставки";"CS-Cart"
"MSA646FG12";"ru";"250";"Электроника///Игровые приставки///Приставки";"CS-Cart"
"TR253JH231";"ru";"251";"Мультимедиа///Видеоигры///PlayStation 4";"Мой диск"
"G43RV25T02";"ru";"252";"Мультимедиа///Видеоигры///PlayStation 4";"Мой диск"
"RD33CS3014";"ru";"253";"Мультимедиа///Видеоигры///PlayStation 4";"Мой диск"
"RC474QS232";"ru";"254";"Электроника///Игровые приставки///Аксессуары";"CS-Cart"
"K290B2KRD2";"ru";"255";"Электроника///Игровые приставки///Аксессуары";"CS-Cart"
"C23UYT68R8";"ru";"256";"Мультимедиа///Видеоигры///X-Box One";"Мой диск"
"LR214RTM53";"ru";"257";"Электроника///Игровые приставки///Аксессуары";"CS-Cart"
"TSHIRT1";"ru";"278";"Одежда///Мужская одежда";"CS-Cart"
"TSHIRT2";"ru";"279";"Одежда///Мужская одежда";"CS-Cart"
"TSHIRT3";"ru";"280";"Одежда///Мужская одежда";"CS-Cart"
"TSHIRT4";"ru";"281";"Одежда///Мужская одежда";"CS-Cart"
"TSHIRT5";"ru";"282";"Одежда///Мужская одежда";"CS-Cart"
"TSHIRT6";"ru";"283";"Одежда///Мужская одежда";"CS-Cart"
"TSHIRT7";"ru";"284";"Одежда///Мужская одежда";"CS-Cart"
